{
  "run_id": "bf632931575c4435a67dfc366b6f1547",
  "rmse": 348.79284988821166,
  "mae": 200.51161020010852,
  "r2": 0.9690178336350971,
  "baseline_rmse": 1981.6346751540138,
  "improvement_pct": 82.39873099409188
}